Кухонный работник в Додо Пиццу,Додо Пицца (ООО ДОДО ПИЦЦА САМАРА),https://adsrv.hh.ru/click?b=608951&c=15&place=35&meta=hjCsL9GBh0R8VWqfmNMFZjX6lkPnnWHUNcPl3IbfXLrhxrjZPu_QSuUE_Fs6RgIQVjUFliZgu9Y2rwU3iP8uarm2VRwzI9IGRSfIgf6aP5QS_CzLNW71rkVDGS0KQZmZrWyDg2zq6cXjx9P6WPMET3CnfXlvQjnbkvwl-e4VZeSEeXiKWoIvKMzqA6JZIVAo1ZJSkcV3QX_kI4wGHJlMFs7Ym6iDJfmiROdYR_DN2giD86PjnUKzcmxr1tLBrCcjlY5b9ql9iThwthqKtW0WBXO8ECnuHEsoO6LgO_d5-szaQvm50INIhzOagHaFoj7E87EO2hNUhxpoIzxh5PsvjSR6-JSszrh1uFMAzGKNBbFV1pWihnCNjJV1QUmzmxmx0Ib7xCVw7_15BOlpR0vrO_J2p5OCwwM2sIzNaIMgOPOJNHLOWD1olydmefm8mKthcUGpaNKcXUYbyGO8pjCn5k7sAh1srD2spvBHmmuAUkjJZuX5UNFHzGwcCpwY1QTvWvjEPTCcO4RBLJFHknoBKw%3D%3D&clickType=link_to_vacancy,Уфа,от 43 000 ₽,25.09.2023
Повар в Додо Пиццу,Додо Пицца (ООО ДОДО ПИЦЦА САМАРА),https://adsrv.hh.ru/click?b=550772&c=6&place=36&meta=D6oeF1RxxJVj91PBlM41DT-EU1OPgNmfqE77jx913KYWiUZXO-zaAEeEBlr8bdv709kujK9WBe1E6mEwuQeJi2DwBHrcs0wnTaPjftXp4hxxioEGZl0tYBSRAweqzYG_LQXkDXliT2tWxZVIMLUwIXwryYJqSf8CAFv7c5dHErsVUWime6fkWbn6mS-kt-_OEw5EaIvbxGFNlauslnp5Hcb8KgXnjKmMEXKpL0-DVGtIPdnaHOeqQiYxx-TCDSbAHgOKTs00w2kFGA7fmMbeeSXqgd0LwujHRBh9fgGUlGQmhpLGy9co8eHyrzBv2eb_NiCH2cWw1Uz8twTSZ8n56vBml_81_qhjpwiGdSZFD0wuRmmaEiaFAf_psdQ6FdqLWMPuDG3OI-ZPuAnaRdoI0-fASVoLCXeIuzsadKBBHlD_M11QHidhQyj4zFs5BMtuH33mAAvPQ-MJMENBZNx2iGOcFWtNrouE07a9UM8Pseqj903JaC-fpSp9Sz_1NdW5bTyZAKpf3sSp-x50EXvUnw%3D%3D&clickType=link_to_vacancy,Пенза,от 41 000 ₽,25.09.2023
Специалист контактного центра (обработка отзывов в социальных сетях),Додо Пицца (ООО ДОДО ПИЦЦА САМАРА),https://togliatti.hh.ru/vacancy/86119013?from=vacancy_search_list,Самара,,25.09.2023
Специалист архива,Додо Пицца (ООО ДОДО ПИЦЦА САМАРА),https://togliatti.hh.ru/vacancy/86576795?from=vacancy_search_list,Самара,от 35 000 ₽,25.09.2023
Корпоративный психолог,Додо Пицца (ООО ДОДО ПИЦЦА САМАРА),https://togliatti.hh.ru/vacancy/82185683?from=vacancy_search_list,Самара,от 80 000 ₽,25.09.2023
Специалист по видеонаблюдению,Додо Пицца (ООО ДОДО ПИЦЦА САМАРА),https://togliatti.hh.ru/vacancy/86393540?from=vacancy_search_list,Самара,от 70 000 ₽,25.09.2023
Кладовщик в Додо Пиццу,Додо Пицца (ООО ДОДО ПИЦЦА САМАРА),https://togliatti.hh.ru/vacancy/86880087?from=vacancy_search_list,Самара,62 500 – 85 000 ₽,25.09.2023
Работник склада,Додо Пицца (ООО ДОДО ПИЦЦА САМАРА),https://togliatti.hh.ru/vacancy/86665280?from=vacancy_search_list,Самара,60 000 – 67 000 ₽,25.09.2023
Специалист по видеонаблюдению,Додо Пицца (ООО ДОДО ПИЦЦА САМАРА),https://togliatti.hh.ru/vacancy/86663860?from=vacancy_search_list,Пермь,от 65 000 ₽,25.09.2023
Водитель-экспедитор в Додо Пиццу,Додо Пицца (ООО ДОДО ПИЦЦА САМАРА),https://togliatti.hh.ru/vacancy/86652039?from=vacancy_search_list,Самара,73 000 – 120 000 ₽,25.09.2023
Специалист по видеонаблюдению,Додо Пицца (ООО ДОДО ПИЦЦА САМАРА),https://togliatti.hh.ru/vacancy/86663861?from=vacancy_search_list,Киров (Кировская область),от 65 000 ₽,25.09.2023
Менеджер смены в Додо Пиццу,Додо Пицца (ООО ДОДО ПИЦЦА САМАРА),https://togliatti.hh.ru/vacancy/86944691?from=vacancy_search_list,Красноярск,от 51 000 ₽,25.09.2023
Менеджер смены в Додо Пиццу,Додо Пицца (ООО ДОДО ПИЦЦА САМАРА),https://togliatti.hh.ru/vacancy/86944697?from=vacancy_search_list,"Самара, Алабинская",от 51 000 ₽,25.09.2023
Специалист по видеонаблюдению,Додо Пицца (ООО ДОДО ПИЦЦА САМАРА),https://togliatti.hh.ru/vacancy/86663859?from=vacancy_search_list,Воронеж,от 65 000 ₽,25.09.2023
Региональный инженер в Додо Пиццу,Додо Пицца (ООО ДОДО ПИЦЦА САМАРА),https://togliatti.hh.ru/vacancy/86954901?from=vacancy_search_list,Санкт-Петербург,от 80 000 ₽,25.09.2023
Бариста в Дринкит,Додо Пицца (ООО ДОДО ПИЦЦА САМАРА),https://togliatti.hh.ru/vacancy/84336804?from=vacancy_search_list,Самара,от 34 000 ₽,25.09.2023
Менеджер смены в Додо Пиццу,Додо Пицца (ООО ДОДО ПИЦЦА САМАРА),https://togliatti.hh.ru/vacancy/86944692?from=vacancy_search_list,Волгоград,от 47 000 ₽,25.09.2023
Курьер-водитель в Додо Пиццу,Додо Пицца (ООО ДОДО ПИЦЦА САМАРА),https://togliatti.hh.ru/vacancy/81193590?from=vacancy_search_list,Красноярск,от 107 000 ₽,25.09.2023
Инженер по вентиляции и кондиционированию,Додо Пицца (ООО ДОДО ПИЦЦА САМАРА),https://togliatti.hh.ru/vacancy/86954498?from=vacancy_search_list,Самара,от 90 000 ₽,25.09.2023
Менеджер по маркетингу,Додо Пицца (ООО ДОДО ПИЦЦА САМАРА),https://togliatti.hh.ru/vacancy/86379713?from=vacancy_search_list,Самара,от 50 000 ₽,25.09.2023
Мойщик лотков под тесто (Додо пицца),Додо Пицца (ООО ДОДО ПИЦЦА САМАРА),https://togliatti.hh.ru/vacancy/83449913?from=vacancy_search_list,Самара,48 500 – 67 000 ₽,25.09.2023
Мастер по ремонту и обслуживанию,Додо Пицца (ООО ДОДО ПИЦЦА САМАРА),https://togliatti.hh.ru/vacancy/80476132?from=vacancy_search_list,Тольятти,от 65 000 ₽,25.09.2023
Сотрудник ресторана в Додо Пиццу,Додо Пицца (ООО ДОДО ПИЦЦА САМАРА),https://togliatti.hh.ru/vacancy/82085364?from=vacancy_search_list,Красноярск,от 47 000 ₽,25.09.2023
Специалист по видеонаблюдению,Додо Пицца (ООО ДОДО ПИЦЦА САМАРА),https://togliatti.hh.ru/vacancy/86663858?from=vacancy_search_list,Самара,от 65 000 ₽,25.09.2023
Сотрудник ресторана в Додо Пиццу,Додо Пицца (ООО ДОДО ПИЦЦА САМАРА),https://togliatti.hh.ru/vacancy/82087905?from=vacancy_search_list,Уфа,от 43 000 ₽,25.09.2023
Грузчик в Додо Пиццу,Додо Пицца (ООО ДОДО ПИЦЦА САМАРА),https://togliatti.hh.ru/vacancy/81211023?from=vacancy_search_list,Самара,60 000 – 67 000 ₽,25.09.2023
Инженер ПТО,Додо Пицца (ООО ДОДО ПИЦЦА САМАРА),https://togliatti.hh.ru/vacancy/86450145?from=vacancy_search_list,Самара,от 65 000 ₽,25.09.2023
Кассир в Додо Пиццу,Додо Пицца (ООО ДОДО ПИЦЦА САМАРА),https://togliatti.hh.ru/vacancy/81193589?from=vacancy_search_list,Красноярск,от 47 000 ₽,25.09.2023
Помощник HR-менеджера,Додо Пицца (ООО ДОДО ПИЦЦА САМАРА),https://togliatti.hh.ru/vacancy/86274580?from=vacancy_search_list,Уфа,от 36 000 ₽,25.09.2023
Сотрудник ресторана в Додо Пиццу,Додо Пицца (ООО ДОДО ПИЦЦА САМАРА),https://togliatti.hh.ru/vacancy/81224643?from=vacancy_search_list,Москва,от 71 000 ₽,25.09.2023
Сотрудник ресторана в Додо Пиццу,Додо Пицца (ООО ДОДО ПИЦЦА САМАРА),https://togliatti.hh.ru/vacancy/81211013?from=vacancy_search_list,"Самара, Алабинская",от 45 000 ₽,25.09.2023
Управляющий рестораном Додо Пицца,Додо Пицца (ООО ДОДО ПИЦЦА САМАРА),https://togliatti.hh.ru/vacancy/87192679?from=vacancy_search_list,Новотроицк (Оренбургская область),40 000 – 92 000 ₽,25.09.2023
Менеджер смены в Додо Пиццу,Додо Пицца (ООО ДОДО ПИЦЦА САМАРА),https://togliatti.hh.ru/vacancy/86944695?from=vacancy_search_list,Тольятти,от 47 000 ₽,25.09.2023
Специалист по видеонаблюдению,Додо Пицца (ООО ДОДО ПИЦЦА САМАРА),https://togliatti.hh.ru/vacancy/86663857?from=vacancy_search_list,Ростов (Ярославская область),от 65 000 ₽,25.09.2023
Менеджер смены на производство,Додо Пицца (ООО ДОДО ПИЦЦА САМАРА),https://togliatti.hh.ru/vacancy/81511314?from=vacancy_search_list,Самара,65 500 – 82 500 ₽,25.09.2023
Специалист по эксплуатации,Додо Пицца (ООО ДОДО ПИЦЦА САМАРА),https://togliatti.hh.ru/vacancy/84810720?from=vacancy_search_list,Нижний Новгород,от 65 000 ₽,25.09.2023
Работник склада,Додо Пицца (ООО ДОДО ПИЦЦА САМАРА),https://togliatti.hh.ru/vacancy/81794057?from=vacancy_search_list,Уфа,от 44 000 ₽,25.09.2023
Территориальный менеджер по строительству,Додо Пицца (ООО ДОДО ПИЦЦА САМАРА),https://togliatti.hh.ru/vacancy/86661004?from=vacancy_search_list,Казань,от 65 000 ₽,25.09.2023
Кассир в Додо Пиццу,Додо Пицца (ООО ДОДО ПИЦЦА САМАРА),https://togliatti.hh.ru/vacancy/81199245?from=vacancy_search_list,Уфа,от 43 000 ₽,25.09.2023
Менеджер по подбору персонала,Додо Пицца (ООО ДОДО ПИЦЦА САМАРА),https://togliatti.hh.ru/vacancy/86209777?from=vacancy_search_list,Тольятти,36 000 – 46 800 ₽,25.09.2023
Управляющий рестораном Додо Пицца,Додо Пицца (ООО ДОДО ПИЦЦА САМАРА),https://togliatti.hh.ru/vacancy/86712287?from=vacancy_search_list,Самара,40 000 – 92 000 ₽,25.09.2023
Менеджер смены / Администратор,Додо Пицца (ООО ДОДО ПИЦЦА САМАРА),https://togliatti.hh.ru/vacancy/86509023?from=vacancy_search_list,Чапаевск,от 45 000 ₽,25.09.2023
Менеджер смены в Додо Пиццу,Додо Пицца (ООО ДОДО ПИЦЦА САМАРА),https://togliatti.hh.ru/vacancy/86944689?from=vacancy_search_list,Уфа,от 49 000 ₽,25.09.2023
Сотрудник ресторана в Додо Пиццу,Додо Пицца (ООО ДОДО ПИЦЦА САМАРА),https://togliatti.hh.ru/vacancy/83747934?from=vacancy_search_list,Кемерово,от 38 000 ₽,25.09.2023
Прораб,Додо Пицца (ООО ДОДО ПИЦЦА САМАРА),https://togliatti.hh.ru/vacancy/83229978?from=vacancy_search_list,Магнитогорск,65 000 – 95 000 ₽,25.09.2023
Техник-универсал,Додо Пицца (ООО ДОДО ПИЦЦА САМАРА),https://togliatti.hh.ru/vacancy/86961443?from=vacancy_search_list,Магнитогорск,от 50 000 ₽,25.09.2023
Территориальный менеджер по строительству,Додо Пицца (ООО ДОДО ПИЦЦА САМАРА),https://togliatti.hh.ru/vacancy/86661118?from=vacancy_search_list,Воронеж,от 65 000 ₽,25.09.2023
Водитель-курьер,Додо Пицца (ООО ДОДО ПИЦЦА САМАРА),https://togliatti.hh.ru/vacancy/81211024?from=vacancy_search_list,"Самара, Алабинская",от 101 000 ₽,25.09.2023
Сотрудник ресторана в Додо Пиццу,Додо Пицца (ООО ДОДО ПИЦЦА САМАРА),https://togliatti.hh.ru/vacancy/86253681?from=vacancy_search_list,Оренбург,от 41 000 ₽,25.09.2023
Кассир в Додо Пиццу,Додо Пицца (ООО ДОДО ПИЦЦА САМАРА),https://togliatti.hh.ru/vacancy/83351795?from=vacancy_search_list,Домодедово,от 70 000 ₽,25.09.2023
Прораб,Додо Пицца (ООО ДОДО ПИЦЦА САМАРА),https://togliatti.hh.ru/vacancy/77189028?from=vacancy_search_list,Самара,65 000 – 95 000 ₽,25.09.2023
Кассир в Додо Пиццу,Додо Пицца (ООО ДОДО ПИЦЦА САМАРА),https://adsrv.hh.ru/click?b=550781&c=5&place=35&meta=GFpmQVng6f_MqSDDyrLgiUWT9KhIoDmXpFGtjFUVEtlwBI7qgcYcrG5elqNyacPtWXapBszdeRrmp9lNJoYVwkQaLssyUtENu8IZHaGUXqvFUzx1pLIxTnpVAk4BI_DRcKyfq_TdBXgsvxeL_xqXUvy9b8_UcldEbhsHqvrceMLcLjBA_T37anMmD8eQN8c5y0OanBc04Q3D3azxwwePjEbBxVDl0M3Ku-p0WwfPuKV6GJmy1z-3-yqPJTaUZ8e9E5_nMJ9hRh7xfGw0iAyCVqzMOseQaXvoEgdZWzQsCb8Rm82mD3EwFqtQtBmoQ62-rT30LUxSmW78BLoWP2T12mXR4hE9Q-7Y_WbJVI4XxeYm4bjBt09vYmQ2up_G5YbYBnKgdHabpjBBB3QvHe7jciNB4QN54SCf64szpHLYC3a0bF9zLnMmcO4dvrs197IXndIn7AxuyzvhfNdF6t1-7Jk22SA_sBmGlDsIa-HPfm6LuLW-BKy0ulXYC0cY7x5RDhykpBBYA6doLI019IpfLw%3D%3D&clickType=link_to_vacancy,Балаково,от 34 000 ₽,25.09.2023
Повар в Додо Пиццу,Додо Пицца (ООО ДОДО ПИЦЦА САМАРА),https://adsrv.hh.ru/click?b=495941&c=5&place=36&meta=xU9NH-gQ0oW_61kn-UWPjcE7uN-nHEEe3LFxcg0tNcmSU1gt14zR5lqdSKcdDlJwE1gBMDQcilkG-GnHUv1682-b0M61D2OXBywp7iiJcsSH3FvMEglRGDTn7ndeB-tXegOHx55w2QW1wKHnA8Bs_29pr7yBsshQVBk5tY50B8dty9mOgs0by4czauZvQz7fSfdZrWLETyzqEn_jKLr0lbvZk36Log-g1umN1ncjpnSQC85yJZDZ-YkPqR1iDMNWyhdWvX175lFCS07E0Y-8DrDjOlf__Yhaht7JpcaoR5ScIzK03Ji9RF08PKXiMUQuNXOFw7A7rQ50OE_pp5ydzE2ZwJsC6Vn31-co8Y-xqJvaGlMmCXfIienQT4JpBq8QzwMIDnOXUT664TaVVfLgTETDrDlueUmalVnMIzxxUKTv70UErC08iz99DEUKXWD-zuBzZ88UdRlLmxx3AeuuGlTg_tHOuNGPfsV7GIOvm7GourpG9cT0AzpwQS6UtQpzlA-3FmrH43r5MJxA8YtQHg%3D%3D&clickType=link_to_vacancy,Новокуйбышевск,от 41 000 ₽,25.09.2023
Водитель - Курьер в Додо Пиццу,Додо Пицца (ООО ДОДО ПИЦЦА САМАРА),https://togliatti.hh.ru/vacancy/83452160?from=vacancy_search_list,Волгоград,от 92 000 ₽,25.09.2023
Архитектор-дизайнер,Додо Пицца (ООО ДОДО ПИЦЦА САМАРА),https://togliatti.hh.ru/vacancy/86434689?from=vacancy_search_list,Москва,от 80 000 ₽,25.09.2023
Кассир в Додо Пиццу,Додо Пицца (ООО ДОДО ПИЦЦА САМАРА),https://togliatti.hh.ru/vacancy/81790466?from=vacancy_search_list,Владивосток,от 47 000 ₽,25.09.2023
Сотрудник ресторана в Додо Пиццу,Додо Пицца (ООО ДОДО ПИЦЦА САМАРА),https://togliatti.hh.ru/vacancy/83351852?from=vacancy_search_list,Домодедово,от 70 000 ₽,25.09.2023
Территориальный менеджер по строительству,Додо Пицца (ООО ДОДО ПИЦЦА САМАРА),https://togliatti.hh.ru/vacancy/86661056?from=vacancy_search_list,Пермь,от 65 000 ₽,25.09.2023
Инженер-проектировщик ЭОМ,Додо Пицца (ООО ДОДО ПИЦЦА САМАРА),https://togliatti.hh.ru/vacancy/86434672?from=vacancy_search_list,Москва,60 000 – 80 000 ₽,25.09.2023
Водитель-курьер,Додо Пицца (ООО ДОДО ПИЦЦА САМАРА),https://togliatti.hh.ru/vacancy/81199240?from=vacancy_search_list,Верхняя Пышма,от 72 000 ₽,25.09.2023
Территориальный менеджер по строительству,Додо Пицца (ООО ДОДО ПИЦЦА САМАРА),https://togliatti.hh.ru/vacancy/86661019?from=vacancy_search_list,Екатеринбург,от 65 000 ₽,25.09.2023
Водитель-курьер в Додо Пиццу,Додо Пицца (ООО ДОДО ПИЦЦА САМАРА),https://togliatti.hh.ru/vacancy/84748235?from=vacancy_search_list,"Нижний Новгород, Горьковская",от 104 000 ₽,25.09.2023
Менеджер смены,Додо Пицца (ООО ДОДО ПИЦЦА САМАРА),https://togliatti.hh.ru/vacancy/83110568?from=vacancy_search_list,Новокузнецк,от 47 000 ₽,25.09.2023
Слесарь на производство,Додо Пицца (ООО ДОДО ПИЦЦА САМАРА),https://togliatti.hh.ru/vacancy/85764509?from=vacancy_search_list,Самара,от 50 000 ₽,25.09.2023
Водитель-курьер в Додо Пиццу,Додо Пицца (ООО ДОДО ПИЦЦА САМАРА),https://togliatti.hh.ru/vacancy/82103426?from=vacancy_search_list,"Нижний Новгород, Горьковская",от 104 000 ₽,25.09.2023
Инженер по вентиляции,Додо Пицца (ООО ДОДО ПИЦЦА САМАРА),https://togliatti.hh.ru/vacancy/85719922?from=vacancy_search_list,Пермь,от 65 000 ₽,25.09.2023
Помощник кассира в Додо Пиццу,Додо Пицца (ООО ДОДО ПИЦЦА САМАРА),https://togliatti.hh.ru/vacancy/81970855?from=vacancy_search_list,Улан-Удэ,от 29 000 ₽,25.09.2023
Менеджер смены в Додо Пиццу,Додо Пицца (ООО ДОДО ПИЦЦА САМАРА),https://togliatti.hh.ru/vacancy/86944690?from=vacancy_search_list,Владивосток,от 54 000 ₽,25.09.2023
Менеджер по снабжению,Додо Пицца (ООО ДОДО ПИЦЦА САМАРА),https://togliatti.hh.ru/vacancy/85718662?from=vacancy_search_list,Пермь,от 45 000 ₽,25.09.2023
Управляющий рестораном,Додо Пицца (ООО ДОДО ПИЦЦА САМАРА),https://togliatti.hh.ru/vacancy/86510363?from=vacancy_search_list,Чапаевск,40 000 – 92 000 ₽,25.09.2023
Менеджер смены в Додо Пиццу,Додо Пицца (ООО ДОДО ПИЦЦА САМАРА),https://togliatti.hh.ru/vacancy/86944694?from=vacancy_search_list,Нижний Новгород,от 49 000 ₽,25.09.2023
Пеший курьер,Додо Пицца (ООО ДОДО ПИЦЦА САМАРА),https://togliatti.hh.ru/vacancy/81795939?from=vacancy_search_list,"Самара, Алабинская",от 39 000 ₽,25.09.2023
Менеджер смены,Додо Пицца (ООО ДОДО ПИЦЦА САМАРА),https://togliatti.hh.ru/vacancy/81605666?from=vacancy_search_list,Нижний Тагил,от 47 000 ₽,25.09.2023
Прораб,Додо Пицца (ООО ДОДО ПИЦЦА САМАРА),https://togliatti.hh.ru/vacancy/83230166?from=vacancy_search_list,Оренбург,65 000 – 95 000 ₽,25.09.2023
Территориальный менеджер по строительству,Додо Пицца (ООО ДОДО ПИЦЦА САМАРА),https://togliatti.hh.ru/vacancy/86661032?from=vacancy_search_list,Ухта,от 65 000 ₽,25.09.2023
Управляющий рестораном,Додо Пицца (ООО ДОДО ПИЦЦА САМАРА),https://togliatti.hh.ru/vacancy/85545100?from=vacancy_search_list,Оренбург,40 000 – 96 000 ₽,25.09.2023
Менеджер смены в Додо Пиццу,Додо Пицца (ООО ДОДО ПИЦЦА САМАРА),https://togliatti.hh.ru/vacancy/86944696?from=vacancy_search_list,Пенза,от 47 000 ₽,25.09.2023
Водитель-курьер,Додо Пицца (ООО ДОДО ПИЦЦА САМАРА),https://togliatti.hh.ru/vacancy/82085514?from=vacancy_search_list,Кемерово,от 96 000 ₽,25.09.2023
Водитель-Курьер,Додо Пицца (ООО ДОДО ПИЦЦА САМАРА),https://togliatti.hh.ru/vacancy/81199239?from=vacancy_search_list,Оренбург,от 80 000 ₽,25.09.2023
Курьер в Додо Пиццу,Додо Пицца (ООО ДОДО ПИЦЦА САМАРА),https://togliatti.hh.ru/vacancy/86727851?from=vacancy_search_list,Первоуральск,от 82 000 ₽,25.09.2023
Курьер-водитель в Додо Пиццу,Додо Пицца (ООО ДОДО ПИЦЦА САМАРА),https://togliatti.hh.ru/vacancy/81193587?from=vacancy_search_list,Новокузнецк,от 97 000 ₽,25.09.2023
Водитель-курьер,Додо Пицца (ООО ДОДО ПИЦЦА САМАРА),https://togliatti.hh.ru/vacancy/83268473?from=vacancy_search_list,Тольятти,от 66 000 ₽,25.09.2023
Велокурьер,Додо Пицца (ООО ДОДО ПИЦЦА САМАРА),https://togliatti.hh.ru/vacancy/81520442?from=vacancy_search_list,"Самара, Алабинская",от 47 000 ₽,25.09.2023
Курьер в Додо Пиццу,Додо Пицца (ООО ДОДО ПИЦЦА САМАРА),https://togliatti.hh.ru/vacancy/83394155?from=vacancy_search_list,Улан-Удэ,от 77 000 ₽,25.09.2023
Повар холодного цеха в Додо Пиццу,Додо Пицца (ООО ДОДО ПИЦЦА САМАРА),https://togliatti.hh.ru/vacancy/83449906?from=vacancy_search_list,Самара,60 500 – 75 000 ₽,25.09.2023
Кассир в Додо Пиццу,Додо Пицца (ООО ДОДО ПИЦЦА САМАРА),https://togliatti.hh.ru/vacancy/81792388?from=vacancy_search_list,Кемерово,от 38 000 ₽,25.09.2023
Кассир в Додо Пиццу,Додо Пицца (ООО ДОДО ПИЦЦА САМАРА),https://togliatti.hh.ru/vacancy/81224642?from=vacancy_search_list,"Нижний Новгород, Буревестник",от 48 000 ₽,25.09.2023
Повар в Додо Пиццу,Додо Пицца (ООО ДОДО ПИЦЦА САМАРА),https://togliatti.hh.ru/vacancy/81224646?from=vacancy_search_list,Волгоград,от 41 000 ₽,25.09.2023
Водитель-курьер,Додо Пицца (ООО ДОДО ПИЦЦА САМАРА),https://togliatti.hh.ru/vacancy/81199243?from=vacancy_search_list,Уфа,100 000 – 135 000 ₽,25.09.2023
Водитель-курьер,Додо Пицца (ООО ДОДО ПИЦЦА САМАРА),https://togliatti.hh.ru/vacancy/81790467?from=vacancy_search_list,Владивосток,от 128 000 ₽,25.09.2023
Территориальный менеджер по строительству,Додо Пицца (ООО ДОДО ПИЦЦА САМАРА),https://togliatti.hh.ru/vacancy/81511975?from=vacancy_search_list,Киров (Кировская область),от 65 000 ₽,25.09.2023
Территориальный менеджер по строительству,Додо Пицца (ООО ДОДО ПИЦЦА САМАРА),https://togliatti.hh.ru/vacancy/86661072?from=vacancy_search_list,Ростов (Ярославская область),от 65 000 ₽,25.09.2023
Территориальный менеджер по строительству,Додо Пицца (ООО ДОДО ПИЦЦА САМАРА),https://togliatti.hh.ru/vacancy/81512020?from=vacancy_search_list,Самара,от 65 000 ₽,25.09.2023
Водитель-курьер в Додо Пиццу,Додо Пицца (ООО ДОДО ПИЦЦА САМАРА),https://togliatti.hh.ru/vacancy/84748903?from=vacancy_search_list,Уфа,от 100 000 ₽,25.09.2023
Сотрудник ресторана в Додо Пиццу,Додо Пицца (ООО ДОДО ПИЦЦА САМАРА),https://togliatti.hh.ru/vacancy/83402327?from=vacancy_search_list,Воскресенск,от 50 000 ₽,25.09.2023
Менеджер по снабжению,Додо Пицца (ООО ДОДО ПИЦЦА САМАРА),https://togliatti.hh.ru/vacancy/85718659?from=vacancy_search_list,Воронеж,от 45 000 ₽,25.09.2023
Прораб,Додо Пицца (ООО ДОДО ПИЦЦА САМАРА),https://togliatti.hh.ru/vacancy/86658961?from=vacancy_search_list,Нижний Новгород,65 000 – 95 000 ₽,25.09.2023
Кассир в Додо Пиццу,Додо Пицца (ООО ДОДО ПИЦЦА САМАРА),https://togliatti.hh.ru/vacancy/81224621?from=vacancy_search_list,"Санкт-Петербург, Беговая и еще 1 ",от 66 000 ₽,25.09.2023
Региональный инженер,Додо Пицца (ООО ДОДО ПИЦЦА САМАРА),https://togliatti.hh.ru/vacancy/82275668?from=vacancy_search_list,Красноярск,от 80 000 ₽,25.09.2023
Прораб,Додо Пицца (ООО ДОДО ПИЦЦА САМАРА),https://togliatti.hh.ru/vacancy/86658995?from=vacancy_search_list,Нижний Тагил,65 000 – 95 000 ₽,25.09.2023
Курьер (подработка),Додо Пицца (ООО ДОДО ПИЦЦА САМАРА),https://togliatti.hh.ru/vacancy/81195844?from=vacancy_search_list,Кемерово,от 96 000 ₽,25.09.2023
Кассир в Додо Пиццу,Додо Пицца (ООО ДОДО ПИЦЦА САМАРА),https://togliatti.hh.ru/vacancy/82169926?from=vacancy_search_list,Москва,от 71 000 ₽,25.09.2023
Курьер-водитель,Додо Пицца (ООО ДОДО ПИЦЦА САМАРА),https://togliatti.hh.ru/vacancy/81790468?from=vacancy_search_list,Уссурийск,от 107 000 ₽,25.09.2023
Повар в Додо Пиццу,Додо Пицца (ООО ДОДО ПИЦЦА САМАРА),https://adsrv.hh.ru/click?b=550760&c=5&place=35&meta=5Rp8PIt8LM5PiwEcMIYrcXqR4eMIkiwW2cP64vXPPEkDcp5lMxkIJtj9Kl4sepubxnXoOGCOgq7OVlVq4lW-hRD8DbDB_fxjc6c01XMfQeyv4FcnnEefg2ha0bahW00tIC4jQzrhzC0G21Jqk5WxLC7ngEVXt-UsXHy8r3q4I7-djD8PFSwedMgtFMeM3d1YjTh4uamD3UXQ-Up6vj36DwaMjN3EovqpzhJbSnWyte593NA4493H3G64aYL-9cEcOmf31JiAxRusXucN_Zev7oQ85eNe7vzccDieh7wkqWGoymcL90n_RTAbCCPBTGWkAgGZO8A-wKnC1VX4nrL-4Mx56O9Ory9bFvT91hmX65FoMmw0OmJ66AnES2Iifvd-Qnwn8-1APCYqB7joU_vZVfJRlUuOCSurxoPM01pee_tWgrOXSUetp_nQqlnsFNRvbrDtju4FsRc4GTdi02Tyhvh8xlWd9hklD9YR2fo6RijXiiejk63sb19yckM2ZJ5QEpLaiVk0KGseVtghZ1pHvA%3D%3D&clickType=link_to_vacancy,Находка,от 44 000 ₽,25.09.2023
Курьер-водитель,Додо Пицца (ООО ДОДО ПИЦЦА САМАРА),https://togliatti.hh.ru/vacancy/82103423?from=vacancy_search_list,Воскресенск,от 94 000 ₽,25.09.2023
Кассир в Додо Пиццу,Додо Пицца (ООО ДОДО ПИЦЦА САМАРА),https://togliatti.hh.ru/vacancy/81211021?from=vacancy_search_list,Чапаевск,от 39 000 ₽,25.09.2023
Кассир в Додо Пиццу,Додо Пицца (ООО ДОДО ПИЦЦА САМАРА),https://togliatti.hh.ru/vacancy/82085207?from=vacancy_search_list,Улан-Удэ,от 47 000 ₽,25.09.2023
Прораб,Додо Пицца (ООО ДОДО ПИЦЦА САМАРА),https://togliatti.hh.ru/vacancy/80438315?from=vacancy_search_list,Кемерово,65 000 – 95 000 ₽,25.09.2023
Кассир в Додо Пиццу,Додо Пицца (ООО ДОДО ПИЦЦА САМАРА),https://togliatti.hh.ru/vacancy/81187127?from=vacancy_search_list,Уссурийск,от 47 000 ₽,25.09.2023
Повар в Додо Пиццу,Додо Пицца (ООО ДОДО ПИЦЦА САМАРА),https://togliatti.hh.ru/vacancy/81795936?from=vacancy_search_list,Чапаевск,от 39 000 ₽,25.09.2023
Сотрудник ресторана в Додо Пиццу,Додо Пицца (ООО ДОДО ПИЦЦА САМАРА),https://togliatti.hh.ru/vacancy/81193593?from=vacancy_search_list,Новокузнецк,от 42 000 ₽,25.09.2023
Техник-универсал,Додо Пицца (ООО ДОДО ПИЦЦА САМАРА),https://togliatti.hh.ru/vacancy/81794884?from=vacancy_search_list,Верхняя Пышма,от 50 000 ₽,25.09.2023
Повар в Додо Пиццу,Додо Пицца (ООО ДОДО ПИЦЦА САМАРА),https://togliatti.hh.ru/vacancy/81193592?from=vacancy_search_list,Красноярск,от 47 000 ₽,25.09.2023
Кассир в Додо Пиццу,Додо Пицца (ООО ДОДО ПИЦЦА САМАРА),https://togliatti.hh.ru/vacancy/81193595?from=vacancy_search_list,Новокузнецк,от 42 000 ₽,25.09.2023
Техник-Универсал,Додо Пицца (ООО ДОДО ПИЦЦА САМАРА),https://togliatti.hh.ru/vacancy/81794055?from=vacancy_search_list,Копейск,от 35 000 ₽,25.09.2023
Заместитель управляющего,Додо Пицца (ООО ДОДО ПИЦЦА САМАРА),https://togliatti.hh.ru/vacancy/83194696?from=vacancy_search_list,Домодедово,80 000 – 100 000 ₽,25.09.2023
Клинер,Додо Пицца (ООО ДОДО ПИЦЦА САМАРА),https://togliatti.hh.ru/vacancy/81795937?from=vacancy_search_list,Тольятти,от 25 000 ₽,25.09.2023
Менеджер смены,Додо Пицца (ООО ДОДО ПИЦЦА САМАРА),https://togliatti.hh.ru/vacancy/78949710?from=vacancy_search_list,Улан-Удэ,от 49 000 ₽,25.09.2023
Кассир в Додо Пиццу,Додо Пицца (ООО ДОДО ПИЦЦА САМАРА),https://togliatti.hh.ru/vacancy/81211019?from=vacancy_search_list,"Самара, Алабинская",от 44 500 ₽,25.09.2023
Водитель-Курьер в Додо Пиццу,Додо Пицца (ООО ДОДО ПИЦЦА САМАРА),https://togliatti.hh.ru/vacancy/83352001?from=vacancy_search_list,Домодедово,от 75 000 ₽,25.09.2023
Повар в Додо Пиццу,Додо Пицца (ООО ДОДО ПИЦЦА САМАРА),https://togliatti.hh.ru/vacancy/82087903?from=vacancy_search_list,Копейск,от 35 000 ₽,25.09.2023
Кассир в Додо Пиццу,Додо Пицца (ООО ДОДО ПИЦЦА САМАРА),https://togliatti.hh.ru/vacancy/82103424?from=vacancy_search_list,Кстово,от 43 000 ₽,25.09.2023
Прораб,Додо Пицца (ООО ДОДО ПИЦЦА САМАРА),https://togliatti.hh.ru/vacancy/80438425?from=vacancy_search_list,Новокузнецк,65 000 – 95 000 ₽,25.09.2023
Кассир в Додо Пиццу,Додо Пицца (ООО ДОДО ПИЦЦА САМАРА),https://togliatti.hh.ru/vacancy/81199238?from=vacancy_search_list,Нижний Тагил,от 43 000 ₽,25.09.2023
Повар в Додо Пиццу,Додо Пицца (ООО ДОДО ПИЦЦА САМАРА),https://togliatti.hh.ru/vacancy/82103438?from=vacancy_search_list,Нижний Новгород,от 48 000 ₽,25.09.2023
Менеджер по снабжению,Додо Пицца (ООО ДОДО ПИЦЦА САМАРА),https://togliatti.hh.ru/vacancy/85718658?from=vacancy_search_list,Кирово-Чепецк,от 45 000 ₽,25.09.2023
Повар в Додо Пиццу,Додо Пицца (ООО ДОДО ПИЦЦА САМАРА),https://togliatti.hh.ru/vacancy/81193591?from=vacancy_search_list,Кемерово,от 38 000 ₽,25.09.2023
Менеджер по снабжению,Додо Пицца (ООО ДОДО ПИЦЦА САМАРА),https://togliatti.hh.ru/vacancy/85718657?from=vacancy_search_list,Киров (Кировская область),от 45 000 ₽,25.09.2023
Кассир в Додо Пиццу,Додо Пицца (ООО ДОДО ПИЦЦА САМАРА),https://togliatti.hh.ru/vacancy/82168415?from=vacancy_search_list,Воскресенск,от 45 000 ₽,25.09.2023
Курьер в Додо Пиццу,Додо Пицца (ООО ДОДО ПИЦЦА САМАРА),https://togliatti.hh.ru/vacancy/84443733?from=vacancy_search_list,Пенза,от 100 000 ₽,25.09.2023
Повар в Додо Пиццу,Додо Пицца (ООО ДОДО ПИЦЦА САМАРА),https://togliatti.hh.ru/vacancy/81790470?from=vacancy_search_list,Уссурийск,от 47 000 ₽,25.09.2023
Водитель-курьер в Додо Пиццу,Додо Пицца (ООО ДОДО ПИЦЦА САМАРА),https://togliatti.hh.ru/vacancy/82103434?from=vacancy_search_list,Курск,66 000 – 90 000 ₽,25.09.2023
Кассир в Додо Пиццу,Додо Пицца (ООО ДОДО ПИЦЦА САМАРА),https://togliatti.hh.ru/vacancy/81224626?from=vacancy_search_list,Саров,от 48 000 ₽,25.09.2023
Курьер-водитель в Додо Пиццу,Додо Пицца (ООО ДОДО ПИЦЦА САМАРА),https://togliatti.hh.ru/vacancy/83704210?from=vacancy_search_list,Москва,от 108 000 ₽,25.09.2023
Велокурьер,Додо Пицца (ООО ДОДО ПИЦЦА САМАРА),https://togliatti.hh.ru/vacancy/82103430?from=vacancy_search_list,Домодедово,от 39 000 ₽,25.09.2023
Курьер на подработку,Додо Пицца (ООО ДОДО ПИЦЦА САМАРА),https://togliatti.hh.ru/vacancy/81501481?from=vacancy_search_list,Новокузнецк,от 97 000 ₽,25.09.2023
Кассир в Додо Пиццу,Додо Пицца (ООО ДОДО ПИЦЦА САМАРА),https://togliatti.hh.ru/vacancy/81794059?from=vacancy_search_list,Оренбург,от 41 000 ₽,25.09.2023
Техник-универсал,Додо Пицца (ООО ДОДО ПИЦЦА САМАРА),https://togliatti.hh.ru/vacancy/86595735?from=vacancy_search_list,Первоуральск,от 50 000 ₽,25.09.2023
Кассир в Додо Пиццу,Додо Пицца (ООО ДОДО ПИЦЦА САМАРА),https://togliatti.hh.ru/vacancy/81211017?from=vacancy_search_list,Новокуйбышевск,от 41 000 ₽,25.09.2023
Менеджер смены в Додо Пиццу,Додо Пицца (ООО ДОДО ПИЦЦА САМАРА),https://togliatti.hh.ru/vacancy/86944688?from=vacancy_search_list,"Санкт-Петербург, Беговая и еще 1 ",от 54 000 ₽,25.09.2023
Кухонный работник в Додо Пиццу,Додо Пицца (ООО ДОДО ПИЦЦА САМАРА),https://togliatti.hh.ru/vacancy/84801573?from=vacancy_search_list,"Санкт-Петербург, Комендантский проспект",от 64 000 ₽,25.09.2023
Повар в Додо Пиццу,Додо Пицца (ООО ДОДО ПИЦЦА САМАРА),https://togliatti.hh.ru/vacancy/81224631?from=vacancy_search_list,Волжский (Волгоградская область),от 36 000 ₽,25.09.2023
Кассир в Додо Пиццу,Додо Пицца (ООО ДОДО ПИЦЦА САМАРА),https://togliatti.hh.ru/vacancy/81205535?from=vacancy_search_list,Магнитогорск,от 35 000 ₽,25.09.2023
Менеджер по аренде,Додо Пицца (ООО ДОДО ПИЦЦА САМАРА),https://togliatti.hh.ru/vacancy/86141579?from=vacancy_search_list,"Самара, Алабинская",от 60 000 ₽,25.09.2023
Повар в Додо Пиццу,Додо Пицца (ООО ДОДО ПИЦЦА САМАРА),https://togliatti.hh.ru/vacancy/81523607?from=vacancy_search_list,Кстово,от 43 000 ₽,25.09.2023
Кассир в Додо Пиццу,Додо Пицца (ООО ДОДО ПИЦЦА САМАРА),https://togliatti.hh.ru/vacancy/81224658?from=vacancy_search_list,Пенза,от 41 000 ₽,25.09.2023
Менеджер по снабжению,Додо Пицца (ООО ДОДО ПИЦЦА САМАРА),https://togliatti.hh.ru/vacancy/85718661?from=vacancy_search_list,Самара,от 45 000 ₽,25.09.2023
Управляющий рестораном,Додо Пицца (ООО ДОДО ПИЦЦА САМАРА),https://togliatti.hh.ru/vacancy/86450835?from=vacancy_search_list,Пенза,40 000 – 96 000 ₽,25.09.2023
Курьер в Додо Пиццу,Додо Пицца (ООО ДОДО ПИЦЦА САМАРА),https://togliatti.hh.ru/vacancy/81224625?from=vacancy_search_list,Пенза,от 100 000 ₽,25.09.2023
Менеджер смены,Додо Пицца (ООО ДОДО ПИЦЦА САМАРА),https://togliatti.hh.ru/vacancy/82103432?from=vacancy_search_list,Пенза,от 45 000 ₽,25.09.2023
Сотрудник ресторана в Додо Пиццу,Додо Пицца (ООО ДОДО ПИЦЦА САМАРА),https://togliatti.hh.ru/vacancy/81211011?from=vacancy_search_list,Чапаевск,от 39 000 ₽,25.09.2023
Водитель - Курьер на личном автомобиле,Додо Пицца (ООО ДОДО ПИЦЦА САМАРА),https://togliatti.hh.ru/vacancy/81509864?from=vacancy_search_list,Копейск,от 66 000 ₽,25.09.2023
Управляющий пиццерией,Додо Пицца (ООО ДОДО ПИЦЦА САМАРА),https://togliatti.hh.ru/vacancy/85545198?from=vacancy_search_list,Орск,40 000 – 96 000 ₽,25.09.2023
Велокурьер,Додо Пицца (ООО ДОДО ПИЦЦА САМАРА),https://togliatti.hh.ru/vacancy/81509705?from=vacancy_search_list,Уфа,от 60 000 ₽,25.09.2023
Повар в Додо Пиццу,Додо Пицца (ООО ДОДО ПИЦЦА САМАРА),https://adsrv.hh.ru/click?b=550760&c=5&place=35&meta=uzhtOO26F7UlbixYW4xxnOVLCaylwq2L0KDmxktdWy_wrs-IJh-N3axX0TH4pl-uST6KOCe2olc_UfVpWj56EfSLUN9KlO9oG_djz0-vHEJWzzkQhTnXNF4sPggPWGiDenNL5MDZPABZK9QFebifBNfRstNe-OxtN0DrQsKHnNM4uIEOCHOXE2BoLcEEFq0qL0hJFs91Xu5Ug6HttYql3984PtrExjZIWToKa9NODhOLaJI1ToKmQ0cjckIH-k_h3Iiv-SUR01-Ycc01MSb1bC7lO9k2IEET-evt4PQiKo2H6sVzmtDhE_A4RRR-lcjYRnZf-CWUsDZxzahGkzHyAsBGYmeAsEC2I42qlBhf6p5pX7WfZfejcQ9DeGz3cT1d-iUn19UXSRAwGmgs74mrAjPtaM5FuLxQgshnOogTcEyzSrNnd0h4kON0_w3ixvzxS3YjMYk4OD1N39uFnm8fiipAg7ZPt0yvEFwWD6NI793tbcGkIhf3f01d-7uTe8CncCUJZI7580bgZYAsLPhggw%3D%3D&clickType=link_to_vacancy,Находка,от 44 000 ₽,25.09.2023
Курьер,Додо Пицца (ООО ДОДО ПИЦЦА САМАРА),https://togliatti.hh.ru/vacancy/81523543?from=vacancy_search_list,Арзамас,от 56 000 ₽,25.09.2023
Менеджер по снабжению,Додо Пицца (ООО ДОДО ПИЦЦА САМАРА),https://togliatti.hh.ru/vacancy/85718660?from=vacancy_search_list,Ростов-на-Дону,от 45 000 ₽,25.09.2023
Региональный инженер,Додо Пицца (ООО ДОДО ПИЦЦА САМАРА),https://togliatti.hh.ru/vacancy/82275332?from=vacancy_search_list,Владивосток,от 90 000 ₽,25.09.2023
Кассир в Додо Пиццу,Додо Пицца (ООО ДОДО ПИЦЦА САМАРА),https://togliatti.hh.ru/vacancy/81503951?from=vacancy_search_list,Орск,от 36 000 ₽,25.09.2023
Сотрудник ресторана в Додо Пиццу,Додо Пицца (ООО ДОДО ПИЦЦА САМАРА),https://togliatti.hh.ru/vacancy/81191711?from=vacancy_search_list,Улан-Удэ,от 47 000 ₽,25.09.2023
Кассир в Додо Пиццу,Додо Пицца (ООО ДОДО ПИЦЦА САМАРА),https://togliatti.hh.ru/vacancy/81795941?from=vacancy_search_list,Верхняя Пышма,от 40 000 ₽,25.09.2023
Менеджер смены в Додо Пиццу,Додо Пицца (ООО ДОДО ПИЦЦА САМАРА),https://togliatti.hh.ru/vacancy/84956806?from=vacancy_search_list,Магнитогорск,от 45 000 ₽,25.09.2023
Инженер по вентиляции,Додо Пицца (ООО ДОДО ПИЦЦА САМАРА),https://togliatti.hh.ru/vacancy/85719916?from=vacancy_search_list,Самара,от 65 000 ₽,25.09.2023
Повар в Додо Пиццу,Додо Пицца (ООО ДОДО ПИЦЦА САМАРА),https://togliatti.hh.ru/vacancy/81224632?from=vacancy_search_list,Курск,от 41 000 ₽,25.09.2023
Повар в Додо Пиццу,Додо Пицца (ООО ДОДО ПИЦЦА САМАРА),https://togliatti.hh.ru/vacancy/81199244?from=vacancy_search_list,Первоуральск,от 36 000 ₽,25.09.2023
Водитель-курьер,Додо Пицца (ООО ДОДО ПИЦЦА САМАРА),https://togliatti.hh.ru/vacancy/82103431?from=vacancy_search_list,Кстово,от 82 000 ₽,25.09.2023
Повар в Додо Пиццу,Додо Пицца (ООО ДОДО ПИЦЦА САМАРА),https://togliatti.hh.ru/vacancy/81211022?from=vacancy_search_list,Тольятти,от 41 000 ₽,25.09.2023
Сотрудник ресторана в Додо Пиццу,Додо Пицца (ООО ДОДО ПИЦЦА САМАРА),https://togliatti.hh.ru/vacancy/84801194?from=vacancy_search_list,"Санкт-Петербург, Площадь Мужества",от 64 000 ₽,25.09.2023
Инженер-проектировщик ОВИК,Додо Пицца (ООО ДОДО ПИЦЦА САМАРА),https://togliatti.hh.ru/vacancy/86388703?from=vacancy_search_list,Москва,60 000 – 80 000 ₽,25.09.2023
Кассир в Додо Пиццу,Додо Пицца (ООО ДОДО ПИЦЦА САМАРА),https://togliatti.hh.ru/vacancy/82103435?from=vacancy_search_list,"Санкт-Петербург, Озерки",от 64 000 ₽,25.09.2023
Повар в Додо Пиццу,Додо Пицца (ООО ДОДО ПИЦЦА САМАРА),https://togliatti.hh.ru/vacancy/81193594?from=vacancy_search_list,Новокузнецк,от 42 000 ₽,25.09.2023
Повар в Додо Пиццу,Додо Пицца (ООО ДОДО ПИЦЦА САМАРА),https://togliatti.hh.ru/vacancy/81794058?from=vacancy_search_list,Нижний Тагил,от 43 000 ₽,25.09.2023
Инженер по вентиляции,Додо Пицца (ООО ДОДО ПИЦЦА САМАРА),https://togliatti.hh.ru/vacancy/85719918?from=vacancy_search_list,Воронеж,от 65 000 ₽,25.09.2023
Повар в Додо Пиццу,Додо Пицца (ООО ДОДО ПИЦЦА САМАРА),https://togliatti.hh.ru/vacancy/81795940?from=vacancy_search_list,Верхняя Пышма,от 40 000 ₽,25.09.2023
Кассир в Додо Пиццу,Додо Пицца (ООО ДОДО ПИЦЦА САМАРА),https://togliatti.hh.ru/vacancy/82103441?from=vacancy_search_list,Дзержинск (Нижегородская область),от 48 000 ₽,25.09.2023
Повар в Додо Пиццу,Додо Пицца (ООО ДОДО ПИЦЦА САМАРА),https://togliatti.hh.ru/vacancy/81503952?from=vacancy_search_list,Орск,от 36 000 ₽,25.09.2023
Повар в Додо Пиццу,Додо Пицца (ООО ДОДО ПИЦЦА САМАРА),https://togliatti.hh.ru/vacancy/82103439?from=vacancy_search_list,Дзержинск (Нижегородская область),от 48 000 ₽,25.09.2023
Кассир в Додо Пиццу,Додо Пицца (ООО ДОДО ПИЦЦА САМАРА),https://togliatti.hh.ru/vacancy/81211012?from=vacancy_search_list,Тольятти,от 41 000 ₽,25.09.2023
Повар в Додо Пиццу,Додо Пицца (ООО ДОДО ПИЦЦА САМАРА),https://togliatti.hh.ru/vacancy/81790469?from=vacancy_search_list,Владивосток,от 47 000 ₽,25.09.2023
Кассир в Додо Пиццу,Додо Пицца (ООО ДОДО ПИЦЦА САМАРА),https://togliatti.hh.ru/vacancy/81187128?from=vacancy_search_list,Находка,от 44 000 ₽,25.09.2023
Сотрудник ресторана в Додо Пиццу,Додо Пицца (ООО ДОДО ПИЦЦА САМАРА),https://togliatti.hh.ru/vacancy/83454301?from=vacancy_search_list,Курск,от 41 000 ₽,25.09.2023
Сотрудник ресторана в Додо Пиццу,Додо Пицца (ООО ДОДО ПИЦЦА САМАРА),https://togliatti.hh.ru/vacancy/81224634?from=vacancy_search_list,"Санкт-Петербург, Адмиралтейская и еще 2 ",от 64 000 ₽,25.09.2023
Повар в Додо Пиццу,Додо Пицца (ООО ДОДО ПИЦЦА САМАРА),https://togliatti.hh.ru/vacancy/81503950?from=vacancy_search_list,Уфа,от 43 000 ₽,25.09.2023
Повар в Додо Пиццу,Додо Пицца (ООО ДОДО ПИЦЦА САМАРА),https://togliatti.hh.ru/vacancy/81199246?from=vacancy_search_list,Оренбург,от 41 000 ₽,25.09.2023
Велокурьер,Додо Пицца (ООО ДОДО ПИЦЦА САМАРА),https://togliatti.hh.ru/vacancy/86556364?from=vacancy_search_list,Москва,43 000 – 78 000 ₽,25.09.2023
Водитель-Курьер выходного дня,Додо Пицца (ООО ДОДО ПИЦЦА САМАРА),https://togliatti.hh.ru/vacancy/81205537?from=vacancy_search_list,"Самара, Гагаринская",от 100 000 ₽,25.09.2023
Инженер по вентиляции,Додо Пицца (ООО ДОДО ПИЦЦА САМАРА),https://togliatti.hh.ru/vacancy/85719917?from=vacancy_search_list,Новокуйбышевск,от 65 000 ₽,25.09.2023
Сотрудник ресторана в Додо Пиццу,Додо Пицца (ООО ДОДО ПИЦЦА САМАРА),https://togliatti.hh.ru/vacancy/81211015?from=vacancy_search_list,Тольятти,от 41 000 ₽,25.09.2023
Повар в Додо Пиццу,Додо Пицца (ООО ДОДО ПИЦЦА САМАРА),https://togliatti.hh.ru/vacancy/81224630?from=vacancy_search_list,Пенза,от 41 000 ₽,25.09.2023
Инженер по вентиляции,Додо Пицца (ООО ДОДО ПИЦЦА САМАРА),https://togliatti.hh.ru/vacancy/85719920?from=vacancy_search_list,Киров (Кировская область),от 65 000 ₽,25.09.2023
Повар холодного цеха в Додо Пиццу,Додо Пицца (ООО ДОДО ПИЦЦА САМАРА),https://togliatti.hh.ru/vacancy/81199241?from=vacancy_search_list,Уфа,от 43 000 ₽,25.09.2023
Повар в Додо Пиццу,Додо Пицца (ООО ДОДО ПИЦЦА САМАРА),https://togliatti.hh.ru/vacancy/81205539?from=vacancy_search_list,"Самара, Алабинская",от 45 000 ₽,25.09.2023
Водитель-курьер,Додо Пицца (ООО ДОДО ПИЦЦА САМАРА),https://togliatti.hh.ru/vacancy/81224624?from=vacancy_search_list,Пенза,от 100 000 ₽,25.09.2023
Повар/пиццамейкер в Додо Пиццу,Додо Пицца (ООО ДОДО ПИЦЦА САМАРА),https://togliatti.hh.ru/vacancy/85068979?from=vacancy_search_list,Саров,от 48 000 ₽,25.09.2023
Кассир в Додо Пиццу,Додо Пицца (ООО ДОДО ПИЦЦА САМАРА),https://togliatti.hh.ru/vacancy/81211014?from=vacancy_search_list,Балаково,от 34 000 ₽,25.09.2023
Повар в Додо Пиццу,Додо Пицца (ООО ДОДО ПИЦЦА САМАРА),https://togliatti.hh.ru/vacancy/81211008?from=vacancy_search_list,Новокуйбышевск,от 41 000 ₽,25.09.2023
Курьер-водитель,Додо Пицца (ООО ДОДО ПИЦЦА САМАРА),https://togliatti.hh.ru/vacancy/84801667?from=vacancy_search_list,"Санкт-Петербург, Беговая и еще 1 ",от 107 000 ₽,25.09.2023
Инженер по вентиляции,Додо Пицца (ООО ДОДО ПИЦЦА САМАРА),https://togliatti.hh.ru/vacancy/85719921?from=vacancy_search_list,Ростов-на-Дону,от 65 000 ₽,25.09.2023
Повар в Додо Пиццу,Додо Пицца (ООО ДОДО ПИЦЦА САМАРА),https://togliatti.hh.ru/vacancy/81205540?from=vacancy_search_list,Арзамас,от 41 000 ₽,25.09.2023
Водитель-курьер,Додо Пицца (ООО ДОДО ПИЦЦА САМАРА),https://togliatti.hh.ru/vacancy/84802011?from=vacancy_search_list,"Санкт-Петербург, Площадь Мужества",от 107 000 ₽,25.09.2023
Водитель-курьер,Додо Пицца (ООО ДОДО ПИЦЦА САМАРА),https://togliatti.hh.ru/vacancy/84799212?from=vacancy_search_list,"Санкт-Петербург, Пионерская и еще 2 ",от 107 000 ₽,25.09.2023
Кассир в Додо Пиццу,Додо Пицца (ООО ДОДО ПИЦЦА САМАРА),https://togliatti.hh.ru/vacancy/81199248?from=vacancy_search_list,Первоуральск,от 36 000 ₽,25.09.2023
Повар холодного цеха в Додо Пиццу,Додо Пицца (ООО ДОДО ПИЦЦА САМАРА),https://togliatti.hh.ru/vacancy/82085208?from=vacancy_search_list,Улан-Удэ,от 44 000 ₽,25.09.2023
Инженер-проектировщик ВК,Додо Пицца (ООО ДОДО ПИЦЦА САМАРА),https://togliatti.hh.ru/vacancy/86434683?from=vacancy_search_list,Москва,60 000 – 80 000 ₽,25.09.2023
Водитель-курьер,Додо Пицца (ООО ДОДО ПИЦЦА САМАРА),https://togliatti.hh.ru/vacancy/81224616?from=vacancy_search_list,Саров,от 82 000 ₽,25.09.2023
Сотрудник ресторана в Додо Пиццу,Додо Пицца (ООО ДОДО ПИЦЦА САМАРА),https://togliatti.hh.ru/vacancy/81211010?from=vacancy_search_list,"Санкт-Петербург, Беговая и еще 1 ",от 66 000 ₽,25.09.2023
Повар в Додо Пиццу,Додо Пицца (ООО ДОДО ПИЦЦА САМАРА),https://togliatti.hh.ru/vacancy/81211025?from=vacancy_search_list,Балаково,от 34 000 ₽,25.09.2023
Пеший курьер,Додо Пицца (ООО ДОДО ПИЦЦА САМАРА),https://togliatti.hh.ru/vacancy/82103433?from=vacancy_search_list,Пенза,54 000 – 71 000 ₽,25.09.2023
Мастер по ремонту,Додо Пицца (ООО ДОДО ПИЦЦА САМАРА),https://togliatti.hh.ru/vacancy/78299980?from=vacancy_search_list,Уфа,от 35 000 ₽,25.09.2023
Работник кухни / пиццамейкер в Додо Пиццу,Додо Пицца (ООО ДОДО ПИЦЦА САМАРА),https://togliatti.hh.ru/vacancy/84747846?from=vacancy_search_list,"Санкт-Петербург, Приморская",от 64 000 ₽,25.09.2023
Повар в Додо Пиццу,Додо Пицца (ООО ДОДО ПИЦЦА САМАРА),https://togliatti.hh.ru/vacancy/81199242?from=vacancy_search_list,Магнитогорск,от 35 000 ₽,25.09.2023
Кухонный работник в Додо Пиццу,Додо Пицца (ООО ДОДО ПИЦЦА САМАРА),https://togliatti.hh.ru/vacancy/84806091?from=vacancy_search_list,"Санкт-Петербург, Беговая и еще 1 ",от 66 000 ₽,25.09.2023
Повар в Додо Пиццу,Додо Пицца (ООО ДОДО ПИЦЦА САМАРА),https://togliatti.hh.ru/vacancy/81199247?from=vacancy_search_list,Уфа,от 43 000 ₽,25.09.2023
Водитель-курьер,Додо Пицца (ООО ДОДО ПИЦЦА САМАРА),https://togliatti.hh.ru/vacancy/84803163?from=vacancy_search_list,"Санкт-Петербург, Пионерская и еще 2 ",от 107 000 ₽,25.09.2023
Управляющий рестораном,Додо Пицца (ООО ДОДО ПИЦЦА САМАРА),https://togliatti.hh.ru/vacancy/86721387?from=vacancy_search_list,"Санкт-Петербург, Площадь Мужества",45 000 – 97 000 ₽,25.09.2023
Повар в Додо Пиццу,Додо Пицца (ООО ДОДО ПИЦЦА САМАРА),https://togliatti.hh.ru/vacancy/81971471?from=vacancy_search_list,Улан-Удэ,от 47 000 ₽,25.09.2023
Повар в Додо Пиццу,Додо Пицца (ООО ДОДО ПИЦЦА САМАРА),https://togliatti.hh.ru/vacancy/81790471?from=vacancy_search_list,Находка,от 44 000 ₽,25.09.2023
Кухонный работник в Додо Пиццу,Додо Пицца (ООО ДОДО ПИЦЦА САМАРА),https://togliatti.hh.ru/vacancy/84799846?from=vacancy_search_list,"Санкт-Петербург, Пионерская и еще 2 ",от 64 000 ₽,25.09.2023
Велокурьер,Додо Пицца (ООО ДОДО ПИЦЦА САМАРА),https://togliatti.hh.ru/vacancy/82103428?from=vacancy_search_list,"Санкт-Петербург, Пионерская и еще 2 ",44 000 – 75 000 ₽,25.09.2023
Водитель-курьер на личном автомобиле,Додо Пицца (ООО ДОДО ПИЦЦА САМАРА),https://togliatti.hh.ru/vacancy/84748091?from=vacancy_search_list,"Санкт-Петербург, Приморская",от 107 000 ₽,25.09.2023
Кассир в Додо Пиццу,Додо Пицца (ООО ДОДО ПИЦЦА САМАРА),https://togliatti.hh.ru/vacancy/81211026?from=vacancy_search_list,Тольятти,от 41 000 ₽,25.09.2023
Курьер на электровелосипеде / электросамокате,Додо Пицца (ООО ДОДО ПИЦЦА САМАРА),https://togliatti.hh.ru/vacancy/82103436?from=vacancy_search_list,Пенза,54 000 – 71 000 ₽,25.09.2023
Курьер-водитель,Додо Пицца (ООО ДОДО ПИЦЦА САМАРА),https://togliatti.hh.ru/vacancy/84804836?from=vacancy_search_list,"Санкт-Петербург, Комендантский проспект",от 107 000 ₽,25.09.2023
Водитель-Курьер в Додо Пиццу м. Пражская,Додо Пицца (ООО ДОДО ПИЦЦА САМАРА),https://togliatti.hh.ru/vacancy/84566914?from=vacancy_search_list,Курск,66 000 – 90 000 ₽,25.09.2023
Водитель-курьер,Додо Пицца (ООО ДОДО ПИЦЦА САМАРА),https://togliatti.hh.ru/vacancy/81523535?from=vacancy_search_list,Курск,66 000 – 90 000 ₽,25.09.2023
Водитель-курьер на личном автомобиле,Додо Пицца (ООО ДОДО ПИЦЦА САМАРА),https://togliatti.hh.ru/vacancy/81224637?from=vacancy_search_list,"Санкт-Петербург, Приморская",от 107 000 ₽,25.09.2023
Водитель-курьер в Додо Пиццу,Додо Пицца (ООО ДОДО ПИЦЦА САМАРА),https://togliatti.hh.ru/vacancy/83720379?from=vacancy_search_list,Находка,от 102 000 ₽,25.09.2023
Водитель-Курьер,Додо Пицца (ООО ДОДО ПИЦЦА САМАРА),https://togliatti.hh.ru/vacancy/81224638?from=vacancy_search_list,"Санкт-Петербург, Старая Деревня",от 107 000 ₽,25.09.2023
Кухонный работник в Додо Пиццу,Додо Пицца (ООО ДОДО ПИЦЦА САМАРА),https://togliatti.hh.ru/vacancy/84804659?from=vacancy_search_list,"Санкт-Петербург, Пионерская и еще 2 ",от 64 000 ₽,25.09.2023
Кассир в Додо Пиццу,Додо Пицца (ООО ДОДО ПИЦЦА САМАРА),https://togliatti.hh.ru/vacancy/84801342?from=vacancy_search_list,"Санкт-Петербург, Старая Деревня",от 64 000 ₽,25.09.2023
